{
  "project_info": {
    "project_number": "600141698628",
    "firebase_url": "https://student-management-3ff67-default-rtdb.asia-southeast1.firebasedatabase.app",
    "project_id": "student-management-3ff67",
    "storage_bucket": "student-management-3ff67.appspot.com"
  },
  "client": [
    {
      "client_info": {
        "mobilesdk_app_id": "1:600141698628:android:f8e1506807e45633628e11",
        "android_client_info": {
          "package_name": "com.example.clgm"
        }
      },
      "oauth_client": [],
      "api_key": [
        {
          "current_key": "AIzaSyDFKid9MWd8AoriwiMLteBfs0I5MRA3hVs"
        }
      ],
      "services": {
        "appinvite_service": {
          "other_platform_oauth_client": []
        }
      }
    }
  ],
  "configuration_version": "1"
}